name,time,R^2_test,R^2_train,MAE_test,MAE_train,NMSE_test,NMSE_train,RMSE_test,RMSE_train,expr
results/I_30_5_1,118,-2.4671624002014592e8,0.6746730775732187,162.8660958793748,6.556150874001772e-2,2.4671624102014592e8,0.3253269224267813,1625.56582235411,8.312988783304939e-2,exp(x0^(2)*x1^(-3)*x2^(3)) + cos(x0*x1*x2^(3)) + id(x1*x2^(-1)) + sin(x0*x2^(-2))