name,time,RMSE_train,RMSE_test,MAE_train,MAE_test,NMSE_train,NMSE_test,r2_train,r2_test,expr
results/yachtME,82,0.8887018218402604,0.8396759969839198,0.5766905428377475,0.5738926662307854,3.345448288054656e-3,3.5279381972342107e-3,0.9966545517119454,0.9964720618027658,sqrt.abs(x0*x1^(-3)*x2^(3)*x3*x5^(3)) + id(x5^(3)) + tanh(x1^(3)*x5^(-3)) + tanh(x5^(-3)) + tanh(x5^(3))
results/yachtME,103,0.8454141252564135,0.9370928012159324,0.6383763024757885,0.738932043940144,3.0274792821070235e-3,4.394026730416008e-3,0.996972520717893,0.995605973269584,id(x0^(3)*x1^(2)*x2^(2)*x3^(3)*x5^(3)) + tanh(x1^(-2)*x5^(-1)) + id(x0*x1^(-1)*x2^(2)*x3*x5^(3)) + tanh(x1*x5^(-2)) + tanh(x5^(-1))