name,time,length,R^2_test,R^2_train,MAE_test,MAE_train,NMSE_test,NMSE_train,RMSE_test,RMSE_train
results/airfoil,70,447,-0.8998226309620552,-0.925370432078397,1.5366341561258132,1.4459844417117558,0.10017736903794486,7.462956792160301e-2,2.174530510240931,1.8838473491444494
results/airfoil,74,442,-0.8791696504427774,-0.9109287477670687,1.6761761455624675,1.5668216899817695,0.12083034955722258,8.90712522329314e-2,2.388189093462777,2.0580647004002657
results/airfoil,113,451,-0.8831803088288389,-0.9137886366355347,1.6402815863248694,1.5283569469131668,0.11681969117116109,8.621136336446532e-2,2.3482196698663222,2.0247550990807532
results/airfoil,85,473,-0.8721242926930431,-0.9155564082633467,1.6569286625727897,1.5315897401085286,0.12787570730695685,8.444359173665332e-2,2.4568278083420396,2.0038886869795247
results/airfoil,38,271,-0.8700304815662483,-0.8831205597413312,1.6982863480477968,1.7786420708199329,0.12996951843375174,0.11687944025866877,2.476859943089976,2.357541282352446